<application>
  <component name="libraryTable">
    <library name="@types/react" type="javaScript">
      <CLASSES />
      <SOURCES />
    </library>
    <library name="@types/react-dom" type="javaScript">
      <CLASSES />
      <SOURCES />
    </library>
    <library name="bootstrap" type="javaScript">
      <properties>
        <sourceFilesUrls>
          <item url="file://$APPLICATION_CONFIG_DIR$/javascript/extLibs/http_stackpath.bootstrapcdn.com_bootstrap_4.4.1_css_bootstrap.css" />
        </sourceFilesUrls>
      </properties>
      <CLASSES>
        <root url="file://$APPLICATION_CONFIG_DIR$/javascript/extLibs/http_stackpath.bootstrapcdn.com_bootstrap_4.4.1_css_bootstrap.css" />
      </CLASSES>
      <SOURCES />
    </library>
  </component>
</application>