<application>
  <component name="ProjectManager">
    <defaultProject>
      <component name="ProjectViewState">
        <option name="autoscrollFromSource" value="true" />
        <option name="autoscrollToSource" value="true" />
        <option name="hideEmptyMiddlePackages" value="true" />
        <option name="showLibraryContents" value="true" />
      </component>
      <component name="PropertiesComponent">
        <property name="last_opened_file_path" value="D:/Coding/GitHub/123" />
      </component>
    </defaultProject>
  </component>
</application>